,State,District,Latitude,Longitude,Population,Households_with_Internet,sex_ratio,literacy_rate
0,Andhra Pradesh,Adilabad,19.284513950073435,78.81321233480176,2741239,5512,1001.0,54.0
1,Andhra Pradesh,Anantapur,14.312065561843148,77.4601584478577,4081148,8606,977.0,57.0
2,Andhra Pradesh,Chittoor,13.33109263067696,78.92763898886037,4174064,13763,997.0,64.0
3,Andhra Pradesh,East Godavari,16.782718320784902,82.2432074720511,5154296,22411,1006.0,64.0
4,Andhra Pradesh,Guntur,15.884925767634847,80.58657614107885,4887813,19383,1003.0,61.0
5,Andhra Pradesh,Hyderabad,17.38971555555556,78.46668888888888,3943323,149034,954.0,73.0
6,Andhra Pradesh,Karimnagar,18.515483193277312,79.43765428571413,3776269,8831,1008.0,58.0
7,Andhra Pradesh,Khammam,17.683921325051784,80.67008643892335,2797370,8628,1011.0,58.0
8,Andhra Pradesh,Krishna,16.143872753151673,81.14805061000413,4517398,30438,992.0,67.0
9,Andhra Pradesh,Kurnool,15.43759715142429,77.90086836581717,4053463,10081,988.0,52.0
10,Andhra Pradesh,Mahbubnagar,16.639546224256293,77.98933089244859,4053028,6153,977.0,48.0
11,Andhra Pradesh,Medak,17.889304978038055,78.13778901903379,3033288,8635,992.0,54.0
12,Andhra Pradesh,Nalgonda,17.113250515463907,79.16984453608244,3488809,7715,983.0,57.0
13,Andhra Pradesh,Nizamabad,18.429485849056604,78.07523490566035,2551335,5261,1040.0,54.0
14,Andhra Pradesh,Prakasam,15.489039001601704,80.11665790176184,3397448,6151,981.0,56.0
15,Andhra Pradesh,Srikakulam,18.570900998697432,84.25874814010675,2703114,3988,1015.0,55.0
16,Andhra Pradesh,Vizianagaram,18.28329696032972,83.45982854198873,2344474,4453,1019.0,53.0
17,Andhra Pradesh,Warangal,18.01752608695651,79.87422028985509,3512576,12952,997.0,59.0
18,Andhra Pradesh,West Godavari,16.63297943925236,81.45912990654196,3936966,12050,1004.0,67.0
19,Arunachal Pradesh,Changlang,27.36048479338845,96.37552644628106,148226,170,926.0,49.0
20,Arunachal Pradesh,East Kameng,27.371194055944056,93.04741486013997,78690,57,1029.0,49.0
21,Arunachal Pradesh,East Siang,28.15382352941176,95.06499226006191,99214,450,980.0,63.0
22,Arunachal Pradesh,Kurung Kumey,28.04853351800553,93.24531994459834,92076,95,1032.0,40.0
23,Arunachal Pradesh,Lohit,27.946785273972623,96.59670770547945,145726,312,912.0,57.0
24,Arunachal Pradesh,Lower Dibang Valley,28.32651730103806,95.76567335640142,54080,207,928.0,59.0
25,Arunachal Pradesh,Lower Subansiri,27.70849297297297,93.96226108108112,83030,381,984.0,65.0
26,Arunachal Pradesh,Papum Pare,27.273529716981127,93.54468183962264,176573,2477,980.0,69.0
27,Arunachal Pradesh,Tawang,27.680683962264148,91.82504245283016,49977,96,714.0,52.0
28,Arunachal Pradesh,Tirap,26.94406229508198,95.41470327868862,111975,98,944.0,43.0
29,Arunachal Pradesh,Upper Siang,28.8309244897959,95.00155765306124,35320,97,889.0,52.0
30,Arunachal Pradesh,Upper Subansiri,28.277196566523585,93.8991435622318,83448,139,998.0,54.0
31,Arunachal Pradesh,West Kameng,27.46486582278483,92.65015750452083,83947,202,819.0,58.0
32,Arunachal Pradesh,West Siang,28.106296920289843,94.53510344202908,112274,303,930.0,58.0
33,Assam,Barpeta,26.427872264631056,90.97912010178116,1693622,2078,953.0,53.0
34,Assam,Bongaigaon,26.45012521994133,90.6734296187684,738804,2523,966.0,59.0
35,Assam,Cachar,24.815570668693017,92.86849650455927,1736617,5316,959.0,68.0
36,Assam,Darrang,26.58463215962442,92.04141338028155,928500,1166,954.0,52.0
37,Assam,Dhemaji,27.586533438485816,94.71336908517353,686133,1192,953.0,62.0
38,Assam,Dibrugarh,27.30612284482757,95.0998282327587,1326335,8817,961.0,67.0
39,Assam,Goalpara,26.017277777777807,90.59869891598912,1008183,1364,964.0,56.0
40,Assam,Golaghat,26.377219709794485,93.82583397823468,1066888,3073,964.0,68.0
41,Assam,Hailakandi,24.457496089385486,92.59154664804475,659296,1211,951.0,62.0
42,Assam,Jorhat,26.76244824016563,94.30197722567289,1092256,5651,962.0,73.0
43,Assam,Kamrup,26.170939452054807,91.58863273972592,1517542,3109,949.0,66.0
44,Assam,Karbi Anglong,26.08966454598031,93.11536570271832,956313,1923,951.0,58.0
45,Assam,Karimganj,24.69660712250711,92.3679498575498,1228686,1933,963.0,65.0
46,Assam,Kokrajhar,26.497246635730868,90.13997470997688,887142,1218,959.0,55.0
47,Assam,Lakhimpur,27.14128805970149,94.0775949253732,1042137,1948,968.0,66.0
48,Assam,Nagaon,26.26462170626351,92.9306191144708,2823768,5121,962.0,61.0
49,Assam,Nalbari,26.46323767605632,91.40598521126763,771639,1631,949.0,69.0
50,Assam,Sonitpur,26.73514926829268,92.85197804878044,1924110,4358,956.0,58.0
51,Assam,Tinsukia,27.53549291139241,95.69055949367085,1327929,5135,952.0,60.0
52,Bihar,Araria,26.211528119180603,87.30766554934816,2811569,2561,921.0,43.0
53,Bihar,Aurangabad,24.774291867469877,84.45986024096379,2540073,2362,926.0,58.0
54,Bihar,Aurangabad,24.774291867469877,84.45986024096379,3701282,23258,923.0,68.0
55,Maharashtra,Aurangabad,20.0979228832952,75.32072196796334,2540073,2362,926.0,58.0
56,Maharashtra,Aurangabad,20.0979228832952,75.32072196796334,3701282,23258,923.0,68.0
57,Bihar,Banka,24.832355642023337,86.8664916342413,2034763,1704,907.0,47.0
58,Bihar,Begusarai,25.54302613168723,86.12560144032932,2970541,4644,895.0,52.0
59,Bihar,Bhagalpur,25.277192885375477,87.04213814229242,3037766,6764,880.0,52.0
60,Bihar,Bhojpur,25.50666439393939,84.49407803030304,2728407,3661,907.0,59.0
61,Bihar,Buxar,25.48593018867924,84.08808081760995,1706352,1784,922.0,58.0
62,Bihar,Darbhanga,26.146187719298258,85.97387352472099,3937385,6280,911.0,46.0
63,Bihar,Gaya,24.7266541547278,84.94291217765044,4391418,6856,937.0,52.0
64,Bihar,Gopalganj,26.44874364161851,84.34636127167629,2562012,3707,1021.0,54.0
65,Bihar,Jamui,24.78418380462726,86.26316298200514,1760405,1839,922.0,49.0
66,Bihar,Jehanabad,25.155679045643165,84.9208124481328,1125313,1106,922.0,55.0
67,Bihar,Katihar,25.56565356037151,87.70466083591326,3071029,2941,919.0,42.0
68,Bihar,Khagaria,25.53558891454964,86.56593256351037,1666886,1580,886.0,46.0
69,Bihar,Kishanganj,26.324336758321294,87.95045007235886,1690400,1093,950.0,44.0
70,Bihar,Lakhisarai,25.183449321266963,86.12825701357468,1000912,1186,902.0,51.0
71,Bihar,Madhepura,25.77341929460581,86.8978443983403,2001762,1397,911.0,42.0
72,Bihar,Madhubani,26.41380538172716,86.16328360450552,4487379,5319,926.0,48.0
73,Bihar,Munger,25.198537962962963,86.54173672839504,1367765,2653,876.0,59.0
74,Bihar,Muzaffarpur,26.18664417177915,85.32745092024543,4801062,10290,900.0,52.0
75,Bihar,Nalanda,25.229345508982053,85.48053113772461,2877653,4156,922.0,53.0
76,Bihar,Nawada,24.825708836206903,85.61594568965519,2219146,1841,939.0,49.0
77,Bihar,Pashchim Champaran,27.16064352201258,84.30265911949685,3935042,3495,909.0,45.0
78,Bihar,Patna,25.40297114503818,85.3198433587787,5838465,40692,897.0,59.0
79,Bihar,Purba Champaran,26.68129336734693,85.00382155612242,5099371,7719,902.0,45.0
80,Bihar,Purnia,25.81714801901739,87.40447606973065,3264619,4170,921.0,41.0
81,Bihar,Rohtas,24.99170460829495,83.9350762672811,2959918,4594,918.0,61.0
82,Bihar,Saharsa,25.821270696721303,86.54670819672135,1900661,1668,906.0,42.0
83,Bihar,Samastipur,25.793205563909765,85.94833323308269,4261566,5379,911.0,50.0
84,Bihar,Saran,25.89656077844312,84.82266287425155,3951862,4509,954.0,55.0
85,Bihar,Sheikhpura,25.12472436548223,85.77839390862943,636342,631,930.0,52.0
86,Bihar,Sheohar,26.458380748663107,85.29539411764709,656246,478,893.0,43.0
87,Bihar,Sitamarhi,26.56570069686413,85.61172491289203,3423574,3460,899.0,42.0
88,Bihar,Siwan,26.1736372013652,84.33766552901022,3330464,3834,988.0,58.0
89,Bihar,Supaul,26.28157893772896,86.78496465201461,2229076,1845,929.0,46.0
90,Bihar,Vaishali,25.8134703180212,85.39247597173153,3495021,4810,895.0,55.0
91,Chandigarh,Chandigarh,30.7426,76.75872465753424,1055450,44283,818.0,76.0
92,Chhattisgarh,Bastar,19.393866751269048,81.52895126903546,1413199,1782,1023.0,46.0
93,Chhattisgarh,Bilaspur,22.356942982456143,81.99770350877188,381956,1574,981.0,75.0
94,Chhattisgarh,Bilaspur,22.356942982456143,81.99770350877188,2663629,8566,971.0,60.0
95,Himachal Pradesh,Bilaspur,31.3780422907489,76.65316079295157,381956,1574,981.0,75.0
96,Himachal Pradesh,Bilaspur,31.3780422907489,76.65316079295157,2663629,8566,971.0,60.0
97,Chhattisgarh,Dhamtari,20.554912627291245,81.7569195519348,799781,1016,1010.0,68.0
98,Chhattisgarh,Durg,21.194463849287164,81.33181639511197,3343872,16141,988.0,69.0
99,Chhattisgarh,Jashpur,22.77286167664669,83.8703962075848,851669,567,1005.0,58.0
100,Chhattisgarh,Korba,22.491712499999995,82.57604326923074,1206640,4544,969.0,62.0
101,Chhattisgarh,Koriya,23.50412776859501,82.12515636363635,658917,1667,968.0,60.0
102,Chhattisgarh,Mahasamund,21.223727037773354,82.65925427435384,1032754,961,1017.0,62.0
103,Chhattisgarh,Raigarh,22.008265068493166,83.27797698630134,1493984,3342,991.0,64.0
104,Chhattisgarh,Raigarh,22.008265068493166,83.27797698630134,2634200,38570,959.0,74.0
105,Maharashtra,Raigarh,18.453257637845976,73.0090609418579,1493984,3342,991.0,64.0
106,Maharashtra,Raigarh,18.453257637845976,73.0090609418579,2634200,38570,959.0,74.0
107,Chhattisgarh,Raipur,20.88603153846152,82.20032759615388,4063872,20261,984.0,65.0
108,Chhattisgarh,Surguja,23.32719278728607,83.23582493887531,2359886,2737,978.0,50.0
109,Daman and Diu,Daman,20.431616666666677,72.8392366071429,191173,1316,534.0,79.0
110,Daman and Diu,Junagadh,20.72568199498111,70.83985639899612,2743082,6628,953.0,67.0
111,Gujarat,Junagadh,20.929523011609785,70.54733890140345,2743082,6628,953.0,67.0
112,Goa,North Goa,15.548723418714054,73.80667997909038,818008,23440,963.0,81.0
113,Goa,South Goa,15.195278658183785,73.941792596877,640537,17624,986.0,78.0
114,Gujarat,Ahmadabad,22.605425564971743,72.23898135593227,7214225,126341,904.0,75.0
115,Gujarat,Amreli,21.04832649310872,71.43457637825426,1514190,2538,964.0,66.0
116,Gujarat,Anand,22.282718206229863,72.57782051557454,2092745,9902,925.0,74.0
117,Gujarat,Banas Kantha,24.258538965517253,71.93205252873561,3120506,3424,938.0,55.0
118,Gujarat,Bharuch,21.75787276237761,72.67326346710801,1551019,10257,925.0,72.0
119,Gujarat,Bhavnagar,21.70219390341736,72.16272632761141,2880365,7297,933.0,66.0
120,Gujarat,Gandhinagar,23.193679790026252,72.67221679790026,1391753,12107,923.0,74.0
121,Gujarat,Jamnagar,22.410600414263328,69.62062005768233,2160119,11573,939.0,65.0
122,Gujarat,Kachchh,23.48057203301311,68.82192301497916,2092371,9631,908.0,60.0
123,Gujarat,Kheda,22.88765312500002,73.018803515625,2299885,5710,940.0,72.0
124,Gujarat,Mahesana,23.529355452865065,72.45545194085031,2035064,7759,926.0,74.0
125,Gujarat,Narmada,21.70666386292833,73.68403208722742,590297,576,961.0,63.0
126,Gujarat,Navsari,20.866973318871995,72.86184869848157,1329672,6726,961.0,75.0
127,Gujarat,Panch Mahals,22.80435606837605,73.61984598290586,2390776,3456,949.0,60.0
128,Gujarat,Patan,23.80634198473284,71.75162977099237,1343734,2231,935.0,62.0
129,Gujarat,Porbandar,21.55092351651571,69.71896987722886,585449,1653,950.0,67.0
130,Gujarat,Rajkot,22.40603377715488,70.83679439383323,3804558,21785,927.0,72.0
131,Gujarat,Sabar Kantha,23.71803594548552,73.13638790459964,2428589,5262,952.0,65.0
132,Gujarat,Surat,21.25761372772093,72.93488716344339,6081322,55694,787.0,75.0
133,Gujarat,Surendranagar,22.82672007299272,71.48358740875906,1756268,2975,930.0,62.0
134,Gujarat,The Dangs,20.801633877551023,73.6883518367347,228291,137,1006.0,62.0
135,Gujarat,Vadodara,22.26133739279589,73.49433010291594,4165626,53606,934.0,69.0
136,Gujarat,Valsad,20.44238231644259,72.9148584798345,1705678,11020,922.0,69.0
137,Haryana,Ambala,30.3503672316384,76.94970310734456,1128350,12899,885.0,72.0
138,Haryana,Bhiwani,28.728868064516128,76.02110225806452,1634445,5292,886.0,65.0
139,Haryana,Faridabad,28.14873109756098,77.32718536585368,1809733,43437,873.0,70.0
140,Haryana,Fatehabad,29.57298318584072,75.54608716814157,942011,3210,902.0,59.0
141,Haryana,Gurgaon,28.043894789579163,77.01935130260523,1514432,67087,854.0,73.0
142,Haryana,Hisar,29.23628731117825,75.84324682779452,1743931,10132,872.0,64.0
143,Haryana,Jhajjar,28.59651868131869,76.61137142857145,958405,5034,862.0,71.0
144,Haryana,Jind,29.45149821958457,76.29598575667653,1334152,5263,871.0,62.0
145,Haryana,Kaithal,29.96068539094649,76.37698930041155,1074304,3724,881.0,60.0
146,Haryana,Karnal,29.703200647249204,76.87488025889972,1505324,11163,887.0,65.0
147,Haryana,Kurukshetra,30.05652659846548,76.78774680306903,964655,7356,888.0,67.0
148,Haryana,Mahendragarh,28.1352161458333,76.14018072916659,922088,2624,895.0,68.0
149,Haryana,Panchkula,30.700897142857134,76.97173238095236,561293,18615,873.0,72.0
150,Haryana,Panipat,29.34352134146342,76.92895914634147,1205437,10024,864.0,65.0
151,Haryana,Rewari,28.19164714828897,76.55956007604564,900332,5121,898.0,71.0
152,Haryana,Rohtak,28.892517647058817,76.53123235294117,1061204,8482,867.0,70.0
153,Haryana,Sirsa,29.63583446327684,74.90970480225988,1295189,6287,897.0,60.0
154,Himachal Pradesh,Chamba,32.66741814595661,76.39354063116366,519080,1615,986.0,62.0
155,Himachal Pradesh,Hamirpur,31.67668481012659,76.49767088607594,454768,2521,1095.0,79.0
156,Himachal Pradesh,Hamirpur,31.67668481012659,76.49767088607594,1104285,1196,861.0,59.0
157,Uttar Pradesh,Hamirpur,25.738158381502892,79.82619479768789,454768,2521,1095.0,79.0
158,Uttar Pradesh,Hamirpur,25.738158381502892,79.82619479768789,1104285,1196,861.0,59.0
159,Himachal Pradesh,Kangra,32.14093603238864,76.41205910931173,1510075,8053,1012.0,76.0
160,Himachal Pradesh,Kinnaur,31.60667184065933,78.51613736263741,84121,354,819.0,72.0
161,Himachal Pradesh,Kullu,31.90911922077925,77.40922649350647,437903,2623,942.0,70.0
162,Himachal Pradesh,Mandi,31.635805940594054,76.96556930693067,999777,5333,1007.0,72.0
163,Himachal Pradesh,Shimla,31.155725451807253,77.62573042168668,814010,9177,915.0,75.0
164,Himachal Pradesh,Sirmaur,30.682764453961443,77.43184689507493,529855,2220,918.0,68.0
165,Himachal Pradesh,Solan,31.03864311926604,76.94442140672783,580320,5250,880.0,74.0
166,Himachal Pradesh,Una,31.58330388349513,76.18353932038836,521173,2412,976.0,77.0
167,Jammu and Kashmir,Doda,33.359614675767915,76.07163720136518,409936,596,919.0,53.0
168,Jammu and Kashmir,Jammu,32.713199095022645,74.8477520361991,1529958,19905,880.0,74.0
169,Jammu and Kashmir,Kargil,33.565994894894914,76.63675315315312,140802,235,810.0,61.0
170,Jammu and Kashmir,Kathua,32.51781678321678,75.58901398601404,616435,1443,890.0,63.0
171,Jammu and Kashmir,Pulwama,33.88414418604652,75.00921860465118,560440,1537,912.0,52.0
172,Jammu and Kashmir,Punch,33.791241290322574,74.29593161290322,476835,346,893.0,55.0
173,Jammu and Kashmir,Srinagar,34.27312898550724,75.11021159420288,1236829,16413,900.0,61.0
174,Jammu and Kashmir,Udhampur,33.04770670731707,75.15286951219511,554985,1214,870.0,58.0
175,Jharkhand,Bokaro,23.6814965034965,85.98398374125864,2062330,9754,922.0,62.0
176,Jharkhand,Chatra,24.11619945750453,84.93295804701627,1042886,590,953.0,49.0
177,Jharkhand,Deoghar,24.33070100755672,86.75697632241814,1492073,1944,925.0,53.0
178,Jharkhand,Dhanbad,23.854509090909097,86.40372924901185,2684487,11568,909.0,64.0
179,Jharkhand,Dumka,24.275006125574265,87.27662450229711,1321442,1193,977.0,51.0
180,Jharkhand,Garhwa,24.082114689265527,83.68664265536722,1322784,565,935.0,49.0
181,Jharkhand,Giridih,24.30578509874329,86.08710915619386,2445474,1944,944.0,51.0
182,Jharkhand,Godda,24.8189,87.2941735483871,1313551,874,938.0,46.0
183,Jharkhand,Gumla,23.078532948929148,84.55056787479396,1025213,831,993.0,55.0
184,Jharkhand,Jamtara,23.97873318077801,86.95325080091534,791042,808,954.0,54.0
185,Jharkhand,Latehar,23.72511185840708,84.48298743362837,726978,340,967.0,48.0
186,Jharkhand,Lohardaga,23.488796043165483,84.6605169064748,461790,351,985.0,56.0
187,Jharkhand,Pakur,24.57260428082189,87.69691969178076,900422,328,989.0,39.0
188,Jharkhand,Palamu,24.196925968109337,84.20310842824594,1939869,2155,928.0,53.0
189,Jharkhand,Ranchi,23.184235061391547,85.31781937244203,2914253,22538,949.0,66.0
190,Jharkhand,Sahibganj,24.93667989690721,87.68264097938142,1150567,591,952.0,42.0
191,Jharkhand,Simdega,22.608760391198054,84.59193691931536,599578,423,997.0,57.0
192,Karnataka,Bagalkot,16.15860676328503,75.64526070853468,1889752,3745,989.0,59.0
193,Karnataka,Bangalore Rural,12.936827087794448,77.47369314775169,990923,3729,946.0,70.0
194,Karnataka,Belgaum,16.16107219152853,74.72329042357275,4779661,17560,973.0,64.0
195,Karnataka,Bellary,15.074377548209377,76.47228471074374,2452595,9626,983.0,58.0
196,Karnataka,Bidar,17.950361730769224,77.19459961538459,1703300,3971,956.0,61.0
197,Karnataka,Bijapur,16.84015316666667,75.95909166666665,255230,117,984.0,34.0
198,Karnataka,Bijapur,16.84015316666667,75.95909166666665,2177331,4987,960.0,57.0
199,Karnataka,Chikmagalur,13.425288289676422,75.67626502311249,1137961,4510,1008.0,72.0
200,Karnataka,Chitradurga,14.29102220394736,76.57821957236843,1659456,5711,974.0,66.0
201,Karnataka,Davanagere,14.330414586709884,75.91723841166937,1945497,7320,972.0,67.0
202,Karnataka,Dharwad,15.343831376975173,75.13831264108359,1847023,15013,971.0,70.0
203,Karnataka,Gadag,15.507128256880746,75.64861302752298,1064570,3373,982.0,66.0
204,Karnataka,Gulbarga,17.070459515951594,76.87503850385033,2566326,9752,971.0,56.0
205,Karnataka,Hassan,12.945098749999998,76.11049549999997,1776421,4851,1010.0,69.0
206,Karnataka,Haveri,14.737582809224318,75.3961230607966,1597668,2456,950.0,68.0
207,Karnataka,Kodagu,12.39684468085106,75.79336595744688,554519,3308,1019.0,74.0
208,Karnataka,Kolar,13.312799881235172,78.01376947743476,1536401,5051,979.0,66.0
209,Karnataka,Koppal,15.651253271028034,76.1617048598131,1389920,2135,986.0,58.0
210,Karnataka,Mandya,12.574901806239744,76.81570098522172,1805769,3367,995.0,64.0
211,Karnataka,Mysore,12.248100259403367,76.52881802853437,3001127,28397,985.0,65.0
212,Karnataka,Raichur,16.050795353982295,76.87368606194688,1928812,5200,1000.0,51.0
213,Karnataka,Shimoga,14.063845885634592,75.17882078103197,1752753,8791,998.0,72.0
214,Karnataka,Tumkur,13.592467760074973,77.02297966260545,2678980,7971,984.0,68.0
215,Karnataka,Udupi,13.450404228534568,74.72009990316337,1177361,9070,1094.0,79.0
216,Kerala,Alappuzha,9.542602965599087,76.38010796263319,2127789,28842,1100.0,87.0
217,Kerala,Ernakulam,10.004879301987431,76.26957729035381,3282388,88737,1027.0,87.0
218,Kerala,Idukki,9.80480963855423,77.04586641566264,1108974,8250,1006.0,83.0
219,Kerala,Kannur,11.941523076923056,75.35209891725934,2523003,32653,1136.0,85.0
220,Kerala,Kasaragod,12.33310309912974,75.07768497134369,1307375,10378,1080.0,79.0
221,Kerala,Kollam,8.929388820570157,76.6360775852431,2635375,31542,1113.0,85.0
222,Kerala,Kottayam,9.643701174068417,76.46059673302705,1974551,37849,1039.0,89.0
223,Kerala,Kozhikode,11.392924270557026,75.71158720159153,3086293,36791,1098.0,85.0
224,Kerala,Malappuram,10.97329875666072,75.93910775606876,4112920,27909,1098.0,81.0
225,Kerala,Palakkad,10.784926903553291,76.49980490693744,2809934,27162,1067.0,80.0
226,Kerala,Thiruvananthapuram,8.537101759082221,76.88711502868073,3301427,71621,1087.0,84.0
227,Kerala,Thrissur,10.458932647907687,76.12321940836945,3121200,56148,1108.0,86.0
228,Kerala,Wayanad,11.715277464788736,76.07587007042254,817420,4712,1035.0,79.0
229,Madhya Pradesh,Anuppur,23.18184220430107,81.86560000000007,749237,1290,976.0,58.0
230,Madhya Pradesh,Ashoknagar,24.63098846153845,77.82974493927134,845071,619,904.0,56.0
231,Madhya Pradesh,Balaghat,21.80020720640569,80.42170053380796,1701698,1712,1021.0,67.0
232,Madhya Pradesh,Barwani,21.702135714285724,74.91004719710673,1385881,1158,982.0,40.0
233,Madhya Pradesh,Betul,21.964626315789477,77.7873428189117,1575362,2109,971.0,60.0
234,Madhya Pradesh,Bhind,26.35951126187245,78.7618324287653,1703005,1166,837.0,64.0
235,Madhya Pradesh,Bhopal,23.480726143790854,77.39246623093679,2371061,40788,918.0,70.0
236,Madhya Pradesh,Burhanpur,21.364567254408065,76.24460478589425,757847,986,951.0,54.0
237,Madhya Pradesh,Chhatarpur,24.813637376460004,79.56449299191374,1762375,1880,883.0,54.0
238,Madhya Pradesh,Chhindwara,22.227966971713823,78.76413136439254,2090922,3588,964.0,62.0
239,Madhya Pradesh,Damoh,23.76624407960196,79.47049303482588,1264219,1432,910.0,59.0
240,Madhya Pradesh,Datia,25.90226439560441,78.63916571428574,786754,616,873.0,62.0
241,Madhya Pradesh,Dewas,22.7851110021322,76.46088805970157,1563715,3518,942.0,59.0
242,Madhya Pradesh,Dhar,22.572681718963157,75.1105620736698,2185793,2388,964.0,49.0
243,Madhya Pradesh,Dindori,22.83738437047757,81.04332966714911,704524,554,1002.0,54.0
244,Madhya Pradesh,Guna,24.49043927178156,77.2235895968791,1241519,2482,912.0,53.0
245,Madhya Pradesh,Gwalior,26.04074441964285,78.12782433035713,2032036,15779,864.0,67.0
246,Madhya Pradesh,Harda,22.227659781121783,77.07022571819435,570465,986,935.0,62.0
247,Madhya Pradesh,Hoshangabad,22.595268801996703,78.02168094841929,1241350,2871,914.0,65.0
248,Madhya Pradesh,Indore,22.680265752128648,75.9133801324502,3276697,48691,928.0,70.0
249,Madhya Pradesh,Jabalpur,23.18525572327043,79.98328754716981,2463289,20443,929.0,71.0
250,Madhya Pradesh,Jhabua,22.419578015397768,74.40921616766468,1025048,744,990.0,34.0
251,Madhya Pradesh,Katni,23.724416229116937,80.33819665871127,1292042,2179,952.0,61.0
252,Madhya Pradesh,Mandla,22.70348712446353,80.38600543633753,1054905,912,1008.0,57.0
253,Madhya Pradesh,Mandsaur,24.19278764044944,75.43588667736759,1340411,2324,963.0,62.0
254,Madhya Pradesh,Morena,26.37313504531724,77.88447341389724,1965970,1781,840.0,60.0
255,Madhya Pradesh,Neemuch,24.70311893333336,75.06608186666664,826067,1945,954.0,62.0
256,Madhya Pradesh,Panna,24.451325840092657,80.21133001158752,1016520,653,905.0,54.0
257,Madhya Pradesh,Raisen,23.292518206521724,78.16305495923909,1331597,1141,901.0,62.0
258,Madhya Pradesh,Rajgarh,23.785499026425583,76.66431223922116,1545814,1611,956.0,52.0
259,Madhya Pradesh,Ratlam,23.503562290502792,75.14895782122909,1455069,3644,971.0,57.0
260,Madhya Pradesh,Rewa,24.861184625158856,81.57572465057183,2365106,3406,931.0,61.0
261,Madhya Pradesh,Sagar,23.800318709677374,78.71940357771273,2378458,4546,893.0,65.0
262,Madhya Pradesh,Satna,24.62777621776502,80.75547048710598,2228935,3754,926.0,62.0
263,Madhya Pradesh,Sehore,22.9297199679658,77.06780202883085,1311332,1566,918.0,60.0
264,Madhya Pradesh,Seoni,22.33230487804874,79.66053863928111,1379131,1182,982.0,63.0
265,Madhya Pradesh,Shahdol,23.44859864559819,81.4596831828442,1066063,1733,974.0,57.0
266,Madhya Pradesh,Shajapur,23.566620317220547,76.33555181268885,1512681,1382,938.0,59.0
267,Madhya Pradesh,Sheopur,25.78014810996563,77.16911116838484,687861,273,901.0,48.0
268,Madhya Pradesh,Shivpuri,25.37802451874367,77.74861600810549,1726050,1852,877.0,52.0
269,Madhya Pradesh,Sidhi,24.17547189952905,82.1053783359498,1127033,837,957.0,53.0
270,Madhya Pradesh,Tikamgarh,25.14099852104666,78.89357064846428,1445166,1090,901.0,52.0
271,Madhya Pradesh,Ujjain,23.319288862745065,75.80383717647058,1986864,7501,955.0,62.0
272,Madhya Pradesh,Umaria,23.59601063063061,80.90879477477475,644758,839,950.0,55.0
273,Madhya Pradesh,Vidisha,23.82838307984792,77.9013507604563,1458875,1926,896.0,59.0
274,Maharashtra,Akola,20.746310479041902,77.12122320359276,1813906,6163,946.0,78.0
275,Maharashtra,Amravati,21.16520991810736,77.67583503184723,2888445,9438,951.0,78.0
276,Maharashtra,Bhandara,21.211792649727748,80.10950199637024,1200334,2932,982.0,75.0
277,Maharashtra,Bid,18.952353340080982,75.69319706477731,2585049,5614,916.0,66.0
278,Maharashtra,Buldana,20.56680611183355,76.39017880364096,2586258,4767,934.0,73.0
279,Maharashtra,Chandrapur,20.095609090909075,79.31556380471388,2204307,8239,961.0,72.0
280,Maharashtra,Dhule,21.274018690400517,74.58719071837263,2050862,6065,946.0,63.0
281,Maharashtra,Gondiya,21.225008411214997,80.17522698598128,1322507,2866,999.0,76.0
282,Maharashtra,Hingoli,19.59525302245251,77.09239412780653,1177345,1221,942.0,67.0
283,Maharashtra,Jalgaon,20.8828943415638,75.55140421810695,4229917,14297,925.0,68.0
284,Maharashtra,Jalna,19.984612534818933,75.98473607242339,1959046,3791,937.0,61.0
285,Maharashtra,Kolhapur,16.44881301587301,74.12897150793648,3876001,22269,957.0,73.0
286,Maharashtra,Latur,18.348687268993856,76.75812607802874,2454196,6217,928.0,67.0
287,Maharashtra,Nagpur,21.196556862745105,79.02166176470584,4653570,57964,951.0,79.0
288,Maharashtra,Nanded,19.209316983017,77.6829048951049,3361292,7548,943.0,65.0
289,Maharashtra,Nandurbar,21.523175625248147,74.32638757443429,1648295,2579,978.0,55.0
290,Maharashtra,Nashik,20.266912871287143,74.03824168316828,6107187,45039,934.0,71.0
291,Maharashtra,Osmanabad,18.19459456066944,75.99495575313809,1657576,3209,924.0,69.0
292,Maharashtra,Parbhani,19.31032425249168,76.70163338870431,1836086,3982,947.0,63.0
293,Maharashtra,Pune,18.51696171428573,74.12922881632647,9429408,235018,915.0,76.0
294,Maharashtra,Ratnagiri,17.210195070127703,73.25725893866404,1615069,7752,1122.0,74.0
295,Maharashtra,Sangli,17.154930181086502,74.70713822937628,2822143,13212,966.0,73.0
296,Maharashtra,Satara,17.6737908974359,74.18052064102558,3003741,14093,988.0,74.0
297,Maharashtra,Sindhudurg,16.170948049777163,73.51329008172343,849651,3517,1036.0,78.0
298,Maharashtra,Solapur,17.837357937584812,75.42394823609216,4317756,15145,938.0,67.0
299,Maharashtra,Thane,19.698767747440264,72.79882742564581,11060148,256170,886.0,74.0
300,Maharashtra,Wardha,20.80743024390242,78.57259105691062,1300774,4313,946.0,78.0
301,Maharashtra,Washim,20.282282394366213,77.25502394366208,1197160,1875,930.0,73.0
302,Maharashtra,Yavatmal,20.04258346738159,78.05326371760479,2772348,6094,952.0,73.0
303,Manipur,Bishnupur,24.50712111801243,93.8246236024845,237399,676,999.0,66.0
304,Manipur,Chandel,24.2635812987013,94.09443844155844,144182,184,933.0,63.0
305,Manipur,Churachandpur,24.30309718875504,93.38671506024085,274143,837,975.0,71.0
306,Manipur,Senapati,25.08465586034914,94.03366234413956,479148,256,937.0,55.0
307,Manipur,Tamenglong,24.98312942238265,93.49450740072204,140651,125,943.0,60.0
308,Manipur,Thoubal,24.545392553191498,93.97959893617023,422168,880,1002.0,64.0
309,Manipur,Ukhrul,25.05900314960629,94.44129566929138,183998,276,943.0,71.0
310,Meghalaya,East Garo Hills,25.82728228228228,90.64684924924916,317917,288,972.0,60.0
311,Meghalaya,East Khasi Hills,25.303763888888884,91.75922519841272,825922,5032,1011.0,70.0
312,Meghalaya,Jaintia Hills,25.33959557069844,92.37608160136298,395124,510,1013.0,47.0
313,Meghalaya,South Garo Hills,25.240568578553614,90.64560349127176,142334,179,945.0,58.0
314,Meghalaya,West Garo Hills,25.495285185185185,90.03709947089942,643291,1630,984.0,56.0
315,Meghalaya,West Khasi Hills,25.500889926739926,91.25364542124538,383461,149,980.0,60.0
316,Mizoram,Aizawl,23.90781335453101,92.85359459459472,400309,4019,1009.0,85.0
317,Mizoram,Champhai,23.54166580976866,93.24221799485862,125745,186,984.0,80.0
318,Mizoram,Kolasib,24.2020004347826,92.73470391304348,83955,367,956.0,78.0
319,Mizoram,Lawngtlai,22.36102843137253,92.66964156862753,117894,162,945.0,53.0
320,Mizoram,Lunglei,23.007717036172675,92.63512555425892,161428,482,947.0,75.0
321,Mizoram,Mamit,23.73852942502819,92.4330803833147,86364,90,927.0,70.0
322,Mizoram,Saiha,22.35744801061008,93.02827931034489,56574,168,979.0,75.0
323,Mizoram,Serchhip,23.263864705882344,92.914158496732,64937,131,977.0,84.0
324,Nagaland,Dimapur,25.814176811594223,93.75074057971014,378811,3303,919.0,73.0
325,Nagaland,Kohima,25.60311428571428,93.78600657596373,267988,1928,928.0,74.0
326,Nagaland,Mokokchung,26.478911764705888,94.522426006192,194622,537,925.0,82.0
327,Nagaland,Mon,26.69207374301676,95.03072988826828,250260,178,899.0,48.0
328,Nagaland,Phek,25.63272986577182,94.56814563758392,163418,170,951.0,65.0
329,Nagaland,Tuensang,26.21104453280316,94.85809880715708,196596,155,929.0,60.0
330,Nagaland,Wokha,26.202611551155112,94.1990815181518,166343,198,968.0,77.0
331,Nagaland,Zunheboto,26.028178205128206,94.50026666666668,140757,261,976.0,73.0
332,Orissa,Baleshwar,21.48570932311624,87.08085828011933,2320529,7370,957.0,70.0
333,Orissa,Bhadrak,20.95262735257214,86.81496204516931,1506337,2637,981.0,73.0
334,Orissa,Cuttack,20.407640646029623,85.7776810228802,2624470,15046,940.0,77.0
335,Orissa,Dhenkanal,20.79887159353349,85.53226836027711,1192811,1810,947.0,70.0
336,Orissa,Gajapati,19.121080882352945,84.14015091911759,577817,635,1043.0,45.0
337,Orissa,Ganjam,19.2632617564534,84.80297710437702,3529031,9049,983.0,63.0
338,Orissa,Jharsuguda,21.827058566978184,83.93581682242987,579505,2498,953.0,70.0
339,Orissa,Kalahandi,19.784253092783523,83.1124043814433,1576869,1953,1003.0,51.0
340,Orissa,Kandhamal,20.092878624813142,84.02216352765326,733110,768,1037.0,55.0
341,Orissa,Kendrapara,20.606319815982264,86.83763247572003,1440361,1628,1007.0,76.0
342,Orissa,Khordha,20.054162322274863,85.52234834123229,2251673,35701,929.0,78.0
343,Orissa,Koraput,18.82627794779476,82.81278469846964,1379647,3988,1032.0,41.0
344,Orissa,Malkangiri,18.25227930367506,81.98293636363628,613192,448,1020.0,40.0
345,Orissa,Mayurbhanj,21.897621545157754,86.4030408052231,2519738,2950,1006.0,54.0
346,Orissa,Nayagarh,20.192895622119817,85.05614700460825,962789,1163,915.0,71.0
347,Orissa,Nuapada,20.471309512195116,82.59152536585364,610382,757,1021.0,49.0
348,Orissa,Puri,19.83509174603177,85.86698989898981,1698730,3416,963.0,76.0
349,Orissa,Rayagada,19.292840020060204,83.45860120361095,967911,1553,1051.0,42.0
350,Orissa,Sambalpur,21.515752380952385,84.34958483245157,1041099,5231,976.0,68.0
351,Orissa,Sundargarh,22.06354819277107,84.50524819277099,2093437,12787,973.0,64.0
352,Puducherry,Karaikal,10.876161726078813,79.82369793621002,200222,1868,1047.0,77.0
353,Puducherry,Mahe,12.006420793787758,75.28275021570326,41816,574,1184.0,87.0
354,Puducherry,Yanam,16.707695652173904,82.26187304347832,55626,207,1038.0,71.0
355,Punjab,Amritsar,31.548679820627772,74.79883856502238,2490656,29961,889.0,68.0
356,Punjab,Bathinda,30.190524611973352,75.05685898004438,1388525,11284,868.0,61.0
357,Punjab,Faridkot,30.591187250996025,74.79751553784862,617508,4348,890.0,62.0
358,Punjab,Fatehgarh Sahib,30.64290947368421,76.36208394736842,600163,5138,871.0,71.0
359,Punjab,Firozpur,30.63407535211269,74.40245732394365,2029074,10042,893.0,60.0
360,Punjab,Gurdaspur,32.04283371212125,75.3204064393939,2298323,14428,895.0,71.0
361,Punjab,Hoshiarpur,31.55157169811319,75.8469857442349,1586625,13747,961.0,76.0
362,Punjab,Jalandhar,31.250336907216507,75.54400350515463,2193590,39082,915.0,74.0
363,Punjab,Kapurthala,31.336592638036837,75.47641165644177,815168,9732,912.0,71.0
364,Punjab,Ludhiana,30.76596397379912,75.83110851528383,3498739,58589,873.0,73.0
365,Punjab,Mansa,29.919547714285724,75.4304922857143,769751,2673,883.0,55.0
366,Punjab,Moga,30.756540067340065,75.1600845117845,995746,7897,893.0,63.0
367,Punjab,Muktsar,30.31243303303303,74.5518747747748,901896,4571,896.0,58.0
368,Punjab,Patiala,30.214540380693364,76.27505893949697,1895686,24274,891.0,67.0
369,Punjab,Rupnagar,30.910937330754347,76.53743500967126,684627,6600,915.0,73.0
370,Punjab,Sangrur,30.185045204336895,75.89437014178496,1655169,10736,885.0,61.0
371,Rajasthan,Ajmer,26.199300378787903,74.6990419191919,2583052,13499,951.0,59.0
372,Rajasthan,Alwar,27.55271738035265,76.65359630562563,3674179,9750,895.0,59.0
373,Rajasthan,Banswara,23.453642032967014,74.44246868131869,1797485,2324,980.0,46.0
374,Rajasthan,Baran,24.98023243243244,76.86210651828291,1222755,1363,929.0,57.0
375,Rajasthan,Barmer,25.77070908045978,71.50297126436782,2603751,2766,902.0,46.0
376,Rajasthan,Bharatpur,27.32411858037578,77.21752077244258,2548462,4179,880.0,58.0
377,Rajasthan,Bhilwara,25.45119767759564,74.63947595628417,2408523,6207,973.0,52.0
378,Rajasthan,Bikaner,28.12489068322981,73.26943322981371,2363937,7607,905.0,54.0
379,Rajasthan,Bundi,25.48580716049379,75.79984074074079,1110906,1392,925.0,53.0
380,Rajasthan,Chittaurgarh,24.631623761665463,74.80010997846382,1544338,4941,972.0,53.0
381,Rajasthan,Churu,28.29330375536484,74.65846427038629,2039547,2577,940.0,56.0
382,Rajasthan,Dausa,26.91234817629181,76.57342097264443,1634409,1719,905.0,57.0
383,Rajasthan,Dhaulpur,26.72397054945053,77.74476219780222,1206516,1330,846.0,57.0
384,Rajasthan,Dungarpur,23.75104807692308,73.84765641025645,1388552,1477,994.0,49.0
385,Rajasthan,Ganganagar,29.256785412667963,73.56192303262948,1969168,6295,887.0,61.0
386,Rajasthan,Hanumangarh,29.1813351791531,74.74632573289902,1774692,3360,906.0,58.0
387,Rajasthan,Jaipur,27.033459290187885,75.77117286012533,6626178,76565,910.0,65.0
388,Rajasthan,Jaisalmer,26.86900838548185,71.18371877346682,669919,754,852.0,46.0
389,Rajasthan,Jalor,25.07578093797277,72.18647261724662,1828730,1585,952.0,45.0
390,Rajasthan,Jhalawar,24.24725541474657,76.11242891705065,1411129,1750,946.0,52.0
391,Rajasthan,Jhunjhunun,28.13517401247401,75.52840893970894,2137045,4828,950.0,64.0
392,Rajasthan,Jodhpur,26.678460838536967,73.00450847457628,3687165,19335,916.0,55.0
393,Rajasthan,Karauli,26.51901555555556,76.96081818181815,1458248,1059,861.0,55.0
394,Rajasthan,Kota,25.175718080000014,76.18618928000001,1951014,12843,911.0,67.0
395,Rajasthan,Nagaur,27.07862016048146,74.14215667001012,3307743,4449,950.0,53.0
396,Rajasthan,Pali,25.80490393541874,73.55285640766907,2037573,4043,987.0,53.0
397,Rajasthan,Rajsamand,25.24894767441859,73.96570215946844,1156597,1989,990.0,54.0
398,Rajasthan,Sawai Madhopur,26.251081180223288,76.4219283891548,1335551,1887,897.0,56.0
399,Rajasthan,Sikar,27.64644058641976,75.29317422839503,2677333,5647,947.0,62.0
400,Rajasthan,Sirohi,24.7976905263158,72.75309131578943,1036346,2146,940.0,46.0
401,Rajasthan,Tonk,26.153935071707927,75.79192216427637,1421326,1908,952.0,53.0
402,Rajasthan,Udaipur,24.44076752136749,73.84029839743584,3068420,14211,958.0,52.0
403,Sikkim,East,27.29600352941175,88.74908392156858,1709346,80037,884.0,79.0
404,Tamil Nadu,Ariyalur,11.190514836795256,79.22249643916912,754894,1749,1015.0,64.0
405,Tamil Nadu,Chennai,13.058098905608748,80.28139151846806,4646732,217368,989.0,81.0
406,Tamil Nadu,Coimbatore,10.871376995940452,77.07619012178621,3458045,63273,1000.0,76.0
407,Tamil Nadu,Cuddalore,11.57587300613498,79.63002365371497,2605914,15396,987.0,70.0
408,Tamil Nadu,Dharmapuri,12.300141200000006,78.11509813333339,1506843,3651,946.0,61.0
409,Tamil Nadu,Dindigul,10.377801390820574,77.78011279554937,2159775,9155,998.0,69.0
410,Tamil Nadu,Erode,11.267012155963302,77.42034334862392,2251744,18604,993.0,66.0
411,Tamil Nadu,Kancheepuram,12.496424756511884,80.08820360135913,3998252,100322,986.0,75.0
412,Tamil Nadu,Kanniyakumari,8.183466300191206,77.32053064053538,1870374,15673,1019.0,83.0
413,Tamil Nadu,Karur,10.79532776617955,78.08749686847604,1064493,4915,1015.0,68.0
414,Tamil Nadu,Madurai,9.904313833333331,78.01366033333332,3038252,34097,990.0,75.0
415,Tamil Nadu,Nagapattinam,10.789468161718286,79.79437299431483,1616450,5585,1025.0,75.0
416,Tamil Nadu,Namakkal,11.33766638477801,78.14624841437633,1726601,8960,986.0,68.0
417,Tamil Nadu,Perambalur,11.260137758112096,78.86034011799416,565223,1507,1003.0,66.0
418,Tamil Nadu,Pudukkottai,10.130514816433578,79.05444484265728,1618345,4494,1015.0,69.0
419,Tamil Nadu,Ramanathapuram,9.31286995153476,78.99185362412462,1353445,5172,983.0,72.0
420,Tamil Nadu,Salem,11.629324202127655,78.2478257978723,3482056,20660,954.0,66.0
421,Tamil Nadu,Sivaganga,9.960306580645158,78.56535729032255,1339101,5773,1003.0,72.0
422,Tamil Nadu,Thanjavur,10.387692255892237,79.3194869107745,2405890,13495,1035.0,74.0
423,Tamil Nadu,Theni,9.924066666666668,77.43458833333332,1245899,4667,991.0,70.0
424,Tamil Nadu,Thiruvallur,13.275858101752885,80.19724702864492,3728104,75634,987.0,75.0
425,Tamil Nadu,Thiruvarur,10.368927409395978,79.60322893959727,1264277,4416,1017.0,75.0
426,Tamil Nadu,Tiruvannamalai,12.419318947368414,79.23265631578953,2464875,6445,994.0,66.0
427,Tamil Nadu,Vellore,12.784882632293078,79.02643283582084,3936331,20623,1007.0,70.0
428,Tamil Nadu,Virudhunagar,9.468872195892564,77.87641469194315,1942288,10219,1007.0,72.0
429,Tripura,Dhalai,23.781360477941163,91.94654283088232,378230,273,944.0,73.0
430,Tripura,North Tripura,24.121739755351683,92.17842538226292,693947,997,967.0,75.0
431,Tripura,South Tripura,23.211874098057383,91.6065807585568,876001,948,957.0,74.0
432,Tripura,West Tripura,23.780166241299337,91.41310788863107,1725739,6394,962.0,79.0
433,Uttar Pradesh,Agra,26.99512974910393,78.05278291517321,4418797,27183,868.0,61.0
434,Uttar Pradesh,Aligarh,27.93748576850093,78.00146831119557,3673889,13634,882.0,57.0
435,Uttar Pradesh,Allahabad,25.392038662316445,82.05172446982063,5954391,24122,901.0,62.0
436,Uttar Pradesh,Ambedkar Nagar,26.39119025974028,82.68282142857147,2397888,2509,978.0,62.0
437,Uttar Pradesh,Auraiya,26.66892394014961,79.42637057356607,1379545,2404,864.0,67.0
438,Uttar Pradesh,Azamgarh,26.008290954773837,83.01220251256285,4613913,6652,1019.0,60.0
439,Uttar Pradesh,Baghpat,29.045793499999988,77.30266300000001,1303048,2989,861.0,61.0
440,Uttar Pradesh,Bahraich,27.691776300578027,81.46779783237004,3487731,2681,892.0,40.0
441,Uttar Pradesh,Ballia,25.86075638297873,84.03651978723408,3239774,4672,937.0,61.0
442,Uttar Pradesh,Balrampur,27.449076537911324,82.47158326180256,2148665,1551,928.0,40.0
443,Uttar Pradesh,Banda,25.351885902503284,80.52487391304344,1799410,1655,863.0,56.0
444,Uttar Pradesh,Bara Banki,26.922777025232424,81.35762350597606,3260699,3159,910.0,52.0
445,Uttar Pradesh,Bareilly,28.51101940789474,79.43187072368416,4448359,15164,887.0,49.0
446,Uttar Pradesh,Basti,26.833880454545447,82.69790590909092,2464464,3423,963.0,57.0
447,Uttar Pradesh,Bijnor,29.313974259681096,78.45098815489754,3682713,7303,917.0,58.0
448,Uttar Pradesh,Bulandshahr,28.34875862068968,78.01082758620684,3499171,7865,896.0,58.0
449,Uttar Pradesh,Chandauli,25.1180859611231,83.25307062634984,1952756,3492,918.0,60.0
450,Uttar Pradesh,Chitrakoot,25.159924623803,81.07666087551297,991730,827,879.0,54.0
451,Uttar Pradesh,Deoria,26.42218856548857,83.8244070686071,3100946,4469,1017.0,60.0
452,Uttar Pradesh,Etah,27.591155309734443,78.70021858407083,1774480,2635,873.0,59.0
453,Uttar Pradesh,Etawah,26.78817670157068,79.07621806282728,1581810,2964,870.0,67.0
454,Uttar Pradesh,Faizabad,26.60589185185181,82.00783530864202,2470996,4746,962.0,59.0
455,Uttar Pradesh,Farrukhabad,27.45063297872342,79.4406284574468,1885204,2624,874.0,58.0
456,Uttar Pradesh,Fatehpur,25.8374362030905,80.85416203090509,2632733,3385,901.0,57.0
457,Uttar Pradesh,Firozabad,27.20963993055552,78.42660624999998,2498156,5834,875.0,61.0
458,Uttar Pradesh,Gautam Buddha Nagar,28.393311038961038,77.52462467532465,1648115,53181,851.0,68.0
459,Uttar Pradesh,Ghaziabad,28.74997308584685,77.67441879350343,4681645,78116,881.0,67.0
460,Uttar Pradesh,Ghazipur,25.624724775583484,83.5360854578097,3620268,5309,952.0,61.0
461,Uttar Pradesh,Gonda,27.157215552099505,82.0226888024882,3433919,4313,921.0,49.0
462,Uttar Pradesh,Gorakhpur,26.63315886792452,83.3549560377358,4440895,14597,950.0,61.0
463,Uttar Pradesh,Hardoi,27.337409090909137,80.26411767676768,4092845,3845,868.0,54.0
464,Uttar Pradesh,Jalaun,26.067954587155988,79.36686911314993,1689974,2217,865.0,64.0
465,Uttar Pradesh,Jaunpur,25.70141280913127,82.54315351934063,4494204,8002,1024.0,61.0
466,Uttar Pradesh,Jhansi,25.45581535234902,78.89954580536917,1998603,8517,890.0,65.0
467,Uttar Pradesh,Jyotiba Phule Nagar,28.870498984771597,78.39009365482241,1840221,2825,910.0,53.0
468,Uttar Pradesh,Kannauj,26.993988617886185,79.64437940379408,1656616,2488,879.0,61.0
469,Uttar Pradesh,Kanpur Dehat,26.43047641196011,79.98710083056478,1796184,2682,865.0,65.0
470,Uttar Pradesh,Kaushambi,25.53587532051282,81.41811282051287,1599596,1503,908.0,51.0
471,Uttar Pradesh,Kushinagar,26.892530675909864,83.92261542461007,3564544,3486,961.0,55.0
472,Uttar Pradesh,Lalitpur,24.58877161016945,78.60082330508473,1221592,1079,906.0,52.0
473,Uttar Pradesh,Lucknow,26.838233589251463,80.89706026871404,4589838,68506,917.0,68.0
474,Uttar Pradesh,Mahoba,25.34529670138888,79.67863003472216,875958,1316,878.0,56.0
475,Uttar Pradesh,Mainpuri,27.17386862302482,79.03501851015807,1868529,2642,881.0,64.0
476,Uttar Pradesh,Mathura,27.59390432801821,77.62153416856502,2547184,8726,863.0,59.0
477,Uttar Pradesh,Mau,26.01082203791469,83.50582654028433,2205968,2656,979.0,62.0
478,Uttar Pradesh,Meerut,29.02957625698323,77.80611005586593,3443689,23717,886.0,62.0
479,Uttar Pradesh,Mirzapur,25.10207959183675,82.60126628571429,2496970,4447,903.0,57.0
480,Uttar Pradesh,Moradabad,28.851770406189537,78.73580193423597,4772006,11690,906.0,47.0
481,Uttar Pradesh,Muzaffarnagar,29.470507977736563,77.64017847866423,4143512,10077,889.0,58.0
482,Uttar Pradesh,Pilibhit,28.52024175035868,79.90103974175037,2031007,2870,895.0,52.0
483,Uttar Pradesh,Pratapgarh,25.864842731707316,81.93530048780492,867848,716,983.0,46.0
484,Uttar Pradesh,Pratapgarh,25.864842731707316,81.93530048780492,3209141,5149,998.0,60.0
485,Uttar Pradesh,Rae Bareli,26.253902840059787,81.22260463378181,3405559,5184,943.0,58.0
486,Uttar Pradesh,Rampur,28.83244727272725,79.10977333333337,2335819,3847,909.0,45.0
487,Uttar Pradesh,Saharanpur,30.03381165217392,77.59905147826095,3466382,9699,890.0,60.0
488,Uttar Pradesh,Sant Kabir Nagar,26.791596516393444,83.0387764344262,1715183,2031,972.0,56.0
489,Uttar Pradesh,Shahjahanpur,27.991389350649328,79.8302275324675,3006538,3889,872.0,50.0
490,Uttar Pradesh,Sitapur,27.501995963091108,80.85288881199547,4483992,3874,888.0,51.0
491,Uttar Pradesh,Sonbhadra,24.46693268858798,83.06816324951639,1862559,5149,918.0,53.0
492,Uttar Pradesh,Sultanpur,26.2846386419753,82.05710456790123,3797117,5956,983.0,59.0
493,Uttar Pradesh,Unnao,26.63163990895297,80.636773292868,3108367,3476,907.0,57.0
494,Uttar Pradesh,Varanasi,25.36057088888889,82.82529666666672,3676841,19214,913.0,65.0
495,Uttaranchal,Almora,29.683532133676103,79.50165064267351,622506,1830,1139.0,70.0
496,Uttaranchal,Bageshwar,29.98703393393397,79.83954354354357,259898,435,1090.0,69.0
497,Uttaranchal,Chamoli,30.58338611464965,79.56281095541402,391605,899,1019.0,72.0
498,Uttaranchal,Champawat,29.29142393939393,80.07720212121217,259648,548,980.0,68.0
499,Uttaranchal,Pithoragarh,30.14720631868129,80.34229230769236,483439,1344,1020.0,71.0
500,Uttaranchal,Tehri Garhwal,30.463700918635173,78.48783792650917,618931,1366,1077.0,66.0
501,Uttaranchal,Udham Singh Nagar,29.02779577677222,79.45629004524895,1648902,7883,920.0,63.0
502,Uttaranchal,Uttarkashi,30.968958552036234,78.56880615384617,330086,602,958.0,65.0
503,West Bengal,Bankura,23.081280892857155,87.12640053571437,3596674,4273,957.0,62.0
504,West Bengal,Barddhaman,23.444453888888884,87.8150581111111,7717563,32323,945.0,68.0
505,West Bengal,Birbhum,24.06389342723,87.65153089201888,3502404,5210,956.0,62.0
506,West Bengal,Dakshin Dinajpur,25.342094363021435,88.69821679819614,1676276,2518,956.0,65.0
507,West Bengal,Darjiling,26.839619571045585,88.33145067024122,1846823,10943,970.0,71.0
508,West Bengal,Haora,22.401674174428507,87.99421176968654,4850029,30751,939.0,74.0
509,West Bengal,Hugli,22.87929264705881,88.00010264705891,5519145,31725,961.0,74.0
510,West Bengal,Jalpaiguri,26.62642031250004,89.04154375000003,3872846,9322,953.0,65.0
511,West Bengal,Kolkata,22.550581481481483,88.3527648148148,4496694,136618,908.0,80.0
512,West Bengal,Maldah,25.08026802575105,88.17191684549356,3988845,5357,944.0,52.0
513,West Bengal,Murshidabad,24.25950655391121,88.16816860465121,7103807,7951,958.0,57.0
514,West Bengal,Nadia,23.56410971055088,88.58293034547152,5167600,12787,947.0,67.0
515,West Bengal,Puruliya,23.254192328767108,86.3968532876713,2930115,3551,957.0,55.0
516,West Bengal,Uttar Dinajpur,26.044619165196977,88.23595232216337,3007134,2883,939.0,50.0
